key,en,nl
UI_NEW_GAME,New game,Nieuw spel
UI_CONTINUE,Continue,Verder spelen
UI_LOAD,Load,Laden
UI_SAVE,Save,Opslaan
UI_QUIT,Quit,Afsluiten
UI_LANGUAGE,Language,Taal
UI_SETTINGS,Settings,Instellingen
UI_CONTROLS,Controls,Besturing
UI_CODEX,Codex,Codex
UI_BACK,Back,Terug
UI_CLOSE,Close,Sluiten
UI_INVENTORY,Inventory,Inventaris
UI_EQUIPMENT,Equipment,Uitrusting
UI_SIDDHIS,Siddhis,Siddhi's
UI_SADHANA,Sadhana,Sadhana
UI_QUESTS,Quests,Opdrachten
UI_MAP,Map,Kaart
UI_MUDRAS,Mudras,Mudra's
UI_SHOP,Shop,Winkel
UI_TRAINER,Teacher,Leraar
UI_BUY,Buy,Kopen
UI_SELL,Sell,Verkopen
UI_EQUIP,Equip,Uitrusten
UI_UNEQUIP,Unequip,Afleggen
UI_USE,Use,Gebruiken
UI_READ,Read,Lezen
UI_DROP,Drop,Weggooien
UI_GOLD,gold,goud
UI_PRANA,Prana,Prana
UI_OJAS,Ojas,Ojas
UI_TAPAS,Tapas,Tapas
UI_KARMA,Karma,Karma
UI_YASHA,Yasha (renown),Yasha (roem)
UI_AGE,Age,Leeftijd
UI_ASHRAMA,Ashrama,Ashrama
UI_PANTH,Panth,Panth
UI_NONE,none,geen
UI_LEVEL,Level,Niveau
UI_COST,Cost,Kosten
UI_LEARN,Learn,Leren
UI_RAISE,Raise,Verhogen
UI_HOTBAR,Hotbar,Sneltoetsen
UI_ASSIGN,Assign to slot,Toewijzen aan slot
UI_ACTIVE,Active,Actief
UI_DONE,Completed,Voltooid
UI_FAILED,Failed,Mislukt
UI_MAIN_QUESTS,Main story,Hoofdverhaal
UI_SIDE_QUESTS,Side quests,Nevenopdrachten
UI_BOASTS,Pratijna (vows),Pratijna (geloften)
UI_ACCEPT,Accept,Aanvaarden
UI_TRAVEL,Travel,Reizen
UI_LOCKED,Locked,Vergrendeld
UI_CURRENT,Here,Hier
UI_TALK,Talk,Praten
UI_OPEN,Open,Openen
UI_PICK_UP,Pick up,Oppakken
UI_DIG,Dig,Graven
UI_FISH,Fish,Vissen
UI_SLEEP,Sleep,Slapen
UI_ENTER,Enter,Betreden
UI_DAY,Day,Dag
UI_NIGHT,Night,Nacht
UI_SAVED,Game saved.,Spel opgeslagen.
UI_LOADED,Game loaded.,Spel geladen.
UI_PAUSED,Paused,Gepauzeerd
UI_RESUME,Resume,Hervatten
UI_TO_TITLE,To title screen,Naar titelscherm
UI_CONFIRM,Confirm,Bevestigen
UI_CANCEL,Cancel,Annuleren
UI_YES,Yes,Ja
UI_NO,No,Nee
UI_PRICE,Price,Prijs
UI_OWNED,owned,in bezit
UI_DEF,Defence,Verdediging
UI_DMG,Damage,Schade
UI_SPEED,Speed,Snelheid
UI_REACH,Reach,Bereik
UI_RANGE,Range,Afstand
UI_SLOTS,Gem slots,Edelsteenvattingen
UI_WEIGHT,Weight,Gewicht
UI_SAUNDARYA,Saundarya (beauty),Saundarya (schoonheid)
UI_BHAYA,Bhaya (fear),Bhaya (angst)
UI_HEAL,Heals,Geneest
UI_VALUE,Value,Waarde
UI_FABLE_EQUIV,Fable equivalent,Fable-equivalent
UI_DANGER,Danger,Gevaar
UI_EXITS,Exits,Uitgangen
UI_NOT_ENOUGH_GOLD,Not enough gold.,Niet genoeg goud.
UI_NOT_ENOUGH_TAPAS,Not enough Tapas.,Niet genoeg Tapas.
UI_MAX_LEVEL,Maximum level,Maximaal niveau
UI_NEED_KEYS,This silver chest needs {n} silver keys.,Deze zilveren kist heeft {n} zilveren sleutels nodig.
UI_SILVER_KEY_FOUND,Silver key found!,Zilveren sleutel gevonden!
UI_LEVEL_UP,{stat} raised to level {level}.,{stat} verhoogd naar niveau {level}.
UI_SIDDHI_LEARNED,{name} learned (level {level}).,{name} geleerd (niveau {level}).
UI_QUEST_STARTED,Quest started: {name},Opdracht gestart: {name}
UI_QUEST_ADVANCED,Next: {text},Volgende: {text}
UI_QUEST_COMPLETED,Quest completed: {name},Opdracht voltooid: {name}
UI_QUEST_FAILED,Quest failed: {name},Opdracht mislukt: {name}
UI_BOAST_BROKEN,Vow broken: {name},Gelofte gebroken: {name}
UI_ITEM_GET,{name} x{count},{name} x{count}
UI_DROPPED,{name} dropped.,{name} weggegooid.
UI_DIED,You have fallen.,Je bent gevallen.
UI_AMRITA_USED,A drop of Amrita brings you back.,Een druppel Amrita brengt je terug.
UI_RESPAWN,"You wake at the edge of the region, poorer and scarred.","Je ontwaakt aan de rand van de regio, armer en met een litteken."
UI_TIRTHA_UNLOCKED,Tirtha gate unlocked: {name},Tirtha-poort ontgrendeld: {name}
UI_YAKSHA_OPENED,The Yaksha door opens!,De Yaksha-poort gaat open!
UI_DRUNK,The world starts to spin...,De wereld begint te draaien...
UI_POISONED,Poisoned!,Vergiftigd!
UI_MEDITATING,Dhyana... (Ojas recovers quickly),Dhyana... (Ojas herstelt snel)
UI_ARENA_WAVE,Round {n}!,Ronde {n}!
UI_ARENA_WON,You are champion of the Rangabhumi!,Je bent kampioen van de Rangabhumi!
UI_FISH_WAIT,Wait for the float to pull...,Wacht tot de dobber trekt...
UI_FISH_NOW,Now! Press E!,Nu! Druk op E!
UI_FISH_CAUGHT,Caught: {name},Gevangen: {name}
UI_FISH_LOST,The fish got away.,De vis is ontsnapt.
UI_SHRINE_DONATE,Give to the temple,Offer aan de tempel
UI_DONATE_AMOUNT,Give {n} gold,Offer {n} goud
UI_SACRIFICE,"Sacrifice (3 Preta bones + 1000 gold, at night)","Offer (3 Preta-botten + 1000 goud, 's nachts)"
UI_NEED_NIGHT,Only at night.,Alleen 's nachts.
UI_FOLLOWER_DIED,{name} has died.,{name} is gestorven.
UI_HOUSE_BOUGHT,House bought. You can sleep here.,Huis gekocht. Je kunt hier slapen.
UI_MARRIED,You are married to {name}.,Je bent getrouwd met {name}.
UI_INITIATED,Initiated into the {name}.,Ingewijd in de {name}.
UI_ALREADY_INITIATED,You already walk this path.,Je loopt dit pad al.
UI_GIFT_GIVE,Give a gift,Geef een geschenk
UI_AFFECTION,affection,genegenheid
UI_MUDRA_LOCKED,Not yet available,Nog niet beschikbaar
UI_PERFORM,Perform,Uitvoeren
UI_MUDRA_LEARNED,Mudra learned: {name},Mudra geleerd: {name}
UI_NEED_ITEM,Requires {name}.,Vereist {name}.
UI_REQ_YASHA,Requires Yasha {value}.,Vereist Yasha {value}.
UI_REQ_KARMA,Requires karma {value}.,Vereist karma {value}.
UI_REQ_BHAYA,Requires Bhaya {value}.,Vereist Bhaya {value}.
UI_REQ_BOOK,Learn it from the book {name}.,Leer het uit het boek {name}.
UI_REQ_STAT,Requires {stat} level {level}.,Vereist {stat} niveau {level}.
UI_REQ_QUEST,Requires the quest {name}.,Vereist de opdracht {name}.
UI_ALREADY_READ,You have already read this.,Je hebt dit al gelezen.
UI_SLEPT,You sleep until morning.,Je slaapt tot de ochtend.
UI_HELP_TITLE,Controls,Besturing
UI_CHAPTER,Chapter,Hoofdstuk
UI_REWARDS,Rewards,Beloningen
UI_STAGE,Stage,Stap
UI_CODEX_CHARACTERS,Characters,Personages
UI_CODEX_ENEMIES,Creatures,Wezens
UI_CODEX_ITEMS,Items,Voorwerpen
UI_CODEX_SIDDHIS,Siddhis,Siddhi's
UI_CODEX_MOVES,Yuddha Kala (techniques),Yuddha Kala (technieken)
UI_CODEX_MUDRAS,Mudras,Mudra's
UI_CODEX_REGIONS,Regions,Regio's
UI_CODEX_YAKSHA,Yaksha doors,Yaksha-poorten
UI_CODEX_PANTHS,Panths & archetypes,Panths & archetypen
UI_CODEX_LORE,Lore,Overlevering
UI_CODEX_QUESTS,Quests,Opdrachten
UI_CODEX_STATS,Attributes,Eigenschappen
UI_ROLE,Role,Rol
UI_ARCHETYPE,Archetype,Archetype
UI_HOME,Home,Woonplaats
UI_FAMILY,Family,Familie
UI_HP,Prana,Prana
UI_WEAK,Weak to,Zwak tegen
UI_RESIST,Resists,Weerstaat
UI_DROPS,Drops,Laat vallen
UI_SCHOOL,School,School
UI_ELEMENT,Element,Element
UI_TEACHER,Teacher,Leraar
UI_INPUT,Input,Invoer
UI_EFFECT,Effect,Effect
UI_UNLOCK,Unlock,Vrijspelen
UI_BIOME,Biome,Bioom
UI_DEMAND,Demand,Eis
UI_REWARD,Reward,Beloning
UI_GIVER,Quest giver,Opdrachtgever
UI_REQUIRES,Requires,Vereist
UI_TYPE,Type,Soort
UI_MAIN,main,hoofd
UI_SIDE,side,neven
UI_DISCIPLINE,Discipline,Discipline
UI_BONUS,Bonus,Bonus
UI_TIME,Time,Tijd
UI_REGION,Region,Regio
UI_NO_QUESTS,No active quests.,Geen actieve opdrachten.
UI_WEAPON_MELEE,Melee weapon,Nabijgevechtswapen
UI_WEAPON_RANGED,Ranged weapon,Afstandswapen
UI_HEAD,Head,Hoofd
UI_CHEST,Chest,Borst
UI_HANDS,Hands,Handen
UI_LEGS,Legs,Benen
UI_FEET,Feet,Voeten
UI_HAIR,Hair,Haar
UI_BEARD,Beard,Baard
UI_TATTOO,Tattoo,Tatoeage
UI_EMPTY,empty,leeg
UI_GEMS,Socketed gems,Gevatte edelstenen
UI_SOCKET,Set gem in weapon,Zet edelsteen in wapen
UI_CAT_ALL,All,Alles
UI_CAT_WEAPONS,Weapons,Wapens
UI_CAT_ARMOR,Armour,Pantser
UI_CAT_CONSUMABLE,Consumables,Verbruiksartikelen
UI_CAT_BOOKS,Books,Boeken
UI_CAT_GEMS,Gems,Edelstenen
UI_CAT_TROPHIES,Trophies,Trofeeën
UI_CAT_QUEST,Quest items,Opdrachtvoorwerpen
UI_CAT_COSMETIC,Appearance,Uiterlijk
UI_CAT_TOOLS,Tools & gifts,Gereedschap & geschenken
UI_SLOT,Slot,Slot
UI_MULTIPLIER,Multiplier,Multiplier
UI_NEXT_LEVEL,Next level,Volgend niveau
UI_TOTAL_TAPAS,Total Tapas earned,Totaal verdiende Tapas
UI_KILLS,Kills,Kills
UI_KEYS_FOUND,Silver keys found,Zilveren sleutels gevonden
UI_SPOUSE,Spouse,Echtgenoot
UI_HOUSES,Houses,Huizen
UI_INITIATE,Initiate,Inwijden
UI_SIDDHI_TEACHES,Teaches,Leert
UI_WAVE,Wave,Golf
UI_YAKSHA_RIDDLE,Answer,Antwoord
UI_GIVE_ITEM,Give {name},Geef {name}
UI_NOTHING_TO_GIVE,You have nothing suitable.,Je hebt niets geschikts.
UI_PLAY_TIME,Play time,Speeltijd
UI_MOUSE_SENS,Mouse sensitivity,Muisgevoeligheid
UI_TIME_SPEED,Day length,Daglengte
UI_MUSIC,Music,Muziek
UI_SFX,Sound effects,Geluidseffecten
UI_QUALITY,Graphics quality,Grafische kwaliteit
UI_INVERT_Y,Invert mouse Y,Muis Y omkeren
UI_SLOT_EMPTY,Empty slot,Leeg slot
UI_SELECT_SAVE,Select a save,Kies een opslag
UI_OVERWRITE,Overwrite?,Overschrijven?
UI_DELETE,Delete,Verwijderen
UI_DEATH_TITLE,Yama calls,Yama roept
UI_DEATH_TEXT,"You have fallen in battle. Without Amrita, you wake at the edge of the region with less gold and a new scar.",Je bent gevallen in de strijd. Zonder Amrita ontwaak je aan de rand van de regio met minder goud en een nieuw litteken.
UI_HERO_NAME,Name of your Vira,Naam van je Vira
UI_START,Begin,Begin
UI_TITLE_SUB,A Sanatana Dharma inspired hero's saga,Een Sanatana Dharma-geïnspireerde heldensage
UI_LOCKED_REGION,{msg},{msg}
UI_CHILD_NO_WEAPON,A child cannot wield that.,Een kind kan dat niet dragen.
UI_WELCOME,{name},{name}
HINT_TALK,[E] Talk to {name},[E] Praat met {name}
HINT_CHEST,[E] Open chest,[E] Open kist
HINT_CHEST_SILVER,[E] Silver chest ({n} keys),[E] Zilveren kist ({n} sleutels)
HINT_PICKUP,[E] Pick up {name},[E] Pak {name}
HINT_EXIT,[E] To {name},[E] Naar {name}
HINT_TIRTHA,[E] Tirtha gate,[E] Tirtha-poort
HINT_YAKSHA,[E] Speak to the Yaksha,[E] Spreek de Yaksha aan
HINT_DIG,[E] Dig (spade needed),[E] Graaf (schop nodig)
HINT_FISH,[E] Fish (rod needed),[E] Vis (hengel nodig)
HINT_SHRINE,[E] Altar,[E] Altaar
HINT_BOAT,[E] Ferry,[E] Veerboot
HINT_BED,[E] Sleep,[E] Slaap
HINT_SIGN,[E] Read signpost,[E] Lees wegwijzer
HINT_DUMMY,Training post,Oefenpaal
UI_TAPAS_GENERAL,General,Algemeen
UI_TAPAS_BALA,Bala,Bala
UI_TAPAS_KAUSHALA,Kaushala,Kaushala
UI_TAPAS_SHAKTI,Shakti,Shakti
UI_FOLLOWING,following you,volgt je
UI_ESCORT,Escort,Escorteer
UI_SELL_PRICE,Sell for {n},Verkoop voor {n}
UI_BUY_PRICE,Buy for {n},Koop voor {n}
UI_TIRTHA_HERE,You are at a Tirtha gate. Choose a destination.,Je staat bij een Tirtha-poort. Kies een bestemming.
UI_TIRTHA_FAR,Travel is only possible from a Tirtha gate.,Reizen kan alleen vanaf een Tirtha-poort.
UI_NOT_VISITED,Not yet visited,Nog niet bezocht
UI_VISITED,Visited,Bezocht
UI_CHOOSE_BOASTS,Choose your vows (Pratijna) for this quest. Keeping them earns extra gold and renown.,"Kies je geloften (Pratijna) voor deze opdracht. Wie ze houdt, verdient extra goud en roem."
UI_NO_BOASTS,No vows,Geen geloften
UI_GENERATING,Shaping the world...,De wereld wordt gevormd...
UI_VERSION,Version,Versie
UI_DONATED_TOTAL,Total given: {n},Totaal geofferd: {n}
UI_THANKS,The temple thanks you.,De tempel dankt je.
UI_SACRIFICED,Andhaka accepts. Your dharma pays.,Andhaka aanvaardt. Je dharma betaalt.
UI_NEED_SACRIFICE,Andhaka wants 3 Preta bones and 1000 gold.,Andhaka wil 3 Preta-botten en 1000 goud.
UI_AGE_YEARS,{n} years,{n} jaar
UI_STAT_DEHA,Deha,Deha
UI_RANGED_STANCE,Ranged stance,Afstandshouding
UI_MELEE_STANCE,Melee stance,Nabijgevechtshouding
UI_TARGET,Target,Doelwit
UI_DEATH_BUTTON,Rise again,Sta weer op
UI_GAME_COMPLETE,You completed the saga of the Vira of Jambudvipa.,Je hebt de sage van de Vira van Jambudvipa voltooid.
UI_CLASSIC,Classic,Klassiek
UI_LOW,Low,Laag
UI_HIGH,High,Hoog
UI_FEMALE,Vira (female),Vira (vrouw)
UI_MALE,Vira (male),Vira (man)
UI_NEW_GAME_WARN,A new game overwrites the quicksave slot.,Een nieuw spel overschrijft het snelopslag-slot.
UI_QUICKSAVE,Quick save,Snel opslaan
UI_QUICKLOAD,Quick load,Snel laden
UI_NO_RANGED,No ranged weapon equipped.,Geen afstandswapen uitgerust.
UI_NO_OJAS,Not enough Ojas.,Niet genoeg Ojas.
UI_NO_TARGET,No target in sight.,Geen doelwit in zicht.
UI_YIELDS,{name} yields.,{name} geeft zich over.
UI_PRANA_FULL,Prana is already full.,Je Prana is al vol.
UI_OJAS_FULL,Ojas is already full.,Je Ojas is al vol.
UI_NO_PRANA_RASA,No Prana elixir left.,Geen Prana-rasa meer.
UI_NO_OJAS_RASA,No Ojas elixir left.,Geen Ojas-rasa meer.
UI_DRANK,You drink {name}.,Je drinkt {name}.
HUD_BUFF_DAMAGE,Strength,Kracht
HUD_BUFF_SPEED,Swiftness,Snelheid
HUD_BUFF_OJAS,Ojas flow,Ojas-stroom
HUD_BUFF_UGRA,Ugra Rupa,Ugra Rupa
GAME_TITLE,Vira of Jambudvipa,Vira van Jambudvipa
UI_SURE,Are you sure?,Zeker weten?
UI_CONFIRM_TITLE,Unsaved progress is lost. Click again to confirm.,Niet-opgeslagen voortgang gaat verloren. Klik nogmaals om te bevestigen.
UI_QUICK_SLOT,Quick save / autosave,Snelopslag / automatisch
UI_SAVE_GAME,Save game,Spel opslaan
UI_LOAD_GAME,Load game,Spel laden
UI_NO_SAVES,No saved games yet.,Nog geen opgeslagen spellen.
UI_SHOW_FPS,Show frames per second,Toon beelden per seconde
UI_LOAD_FAILED,Could not load that save.,Kon die opslag niet laden.
UI_SAVE_FAILED,Could not save the game.,Kon het spel niet opslaan.
UI_RESTART_REGION,Graphics quality applies from the next region.,Grafische kwaliteit werkt vanaf de volgende regio.
UI_NAME_EMPTY,Vira,Vira
UI_CONTINUE_DIALOGUE,Continue,Verder
UI_CLICK_CONTINUE,Click or press Space to continue (Esc = skip),Klik of druk op Spatie om verder te gaan (Esc = overslaan)
UI_DEATH_LOAD,Load last save,Laad laatste opslag
UI_BOAST_ARMOR_ON,Take off your armour first.,Leg eerst je pantser af.
UI_BOAST_ACCEPT,Accept the commission,Aanvaard de opdracht
UI_BOAST_REWARD,"If kept: +{gold} gold, +{yasha} renown","Bij naleving: +{gold} goud, +{yasha} roem"
UI_YAKSHA_WATCHES,Eat something sattvic while the Yaksha watches:,Eet iets sattvisch terwijl de Yaksha toekijkt:
UI_YAKSHA_NO_SATTVA,You carry nothing sattvic to eat.,Je draagt niets sattvisch bij je om te eten.
UI_YAKSHA_DRINK,Drink something:,Drink iets:
UI_YAKSHA_SHOW,Show yourself,Toon jezelf
UI_YAKSHA_SHOW_GOLD,Show your gold,Toon je goud
UI_YAKSHA_GIVE,Give {name},Geef {name}
UI_YAKSHA_NIGHT_ONLY,(only at night),(alleen 's nachts)
UI_YAKSHA_PERFORM,Perform {name},Voer {name} uit
UI_YAKSHA_LEAVE,Leave,Weggaan
UI_MARMARA_TITLE,Marmara lies in the sand,Marmara ligt in het zand
UI_MARMARA_TEXT,"The crowd screams for blood. Marmara looks up at you, with no fear, and waits. What do you do?","Het publiek schreeuwt om bloed. Marmara kijkt naar je op, zonder angst, en wacht. Wat doe je?"
UI_MARMARA_SPARE,Spare her. (Dharma),Spaar haar. (Dharma)
UI_MARMARA_KILL,Give the crowd its blood. (Adharma),Geef het publiek zijn bloed. (Adharma)
UI_MARMARA_SPARED,You lower your weapon. Marmara grins in the dust.,Je laat je wapen zakken. Marmara grijnst in het stof.
UI_MARMARA_KILLED,The sand drinks. The crowd roars. Something in you goes quiet.,Het zand drinkt. Het publiek brult. Iets in jou wordt stil.
UI_EQUIPPED,equipped,uitgerust
UI_REDUCTION,Damage reduction,Schadevermindering
UI_MELEE_POWER,Melee power,Nabijgevechtskracht
UI_RANGED_POWER,Ranged power,Afstandskracht
UI_SIDDHI_POWER,Siddhi power,Siddhi-kracht
UI_MOVE_SPEED,Movement,Beweging
UI_NO_ITEMS,Nothing here.,Niets hier.
UI_SELECT_ITEM,Select an item.,Kies een voorwerp.
UI_CANNOT_DROP,This cannot be dropped.,Dit kun je niet weggooien.
UI_GEM_FREE,Free sockets: {n},Vrije vattingen: {n}
UI_GIFT_FOR,Gift (affection +{n}),Geschenk (genegenheid +{n})
UI_PRESTIGE,Renown when shown,Roem bij tonen
UI_TWO_HANDED,Two-handed,Tweehandig
UI_BASE_STATS,Hero,Held
UI_EQUIP_SLOTS,Worn,Gedragen
UI_ITEM_AUG,Gem effect,Edelsteeneffect
UI_QUEST_GIVER,Given by,Gegeven door
UI_QUEST_DESC,Story,Verhaal
UI_QUEST_VOWS_KEPT,kept,nageleefd
UI_QUEST_VOWS_BROKEN,broken,gebroken
UI_QUEST_TRACKED,Tracked,Gevolgd
UI_MAP_AT_GATE,Choose a destination.,Kies een bestemming.
UI_MAP_EXITS,Paths from here,Wegen vanaf hier
UI_MAP_TIRTHAS,Tirtha gates,Tirtha-poorten
UI_MAP_NO_TIRTHAS,No Tirtha gate unlocked yet.,Nog geen Tirtha-poort ontgrendeld.
UI_MAP_DIR_N,North,Noord
UI_MAP_DIR_S,South,Zuid
UI_MAP_DIR_E,East,Oost
UI_MAP_DIR_W,West,West
UI_STAT_POINTS,Raise with,Verhogen met
UI_STAT_MAXED,Mastered,Meester
UI_TAPAS_POOL,Available for this:,Beschikbaar hiervoor:
UI_YEARS_OLD,{n} years old,{n} jaar oud
UI_KARMA_TITLE,Karma,Karma
UI_PANTH_NONE,You walk no Panth yet.,Je loopt nog geen Panth.
UI_HERO_SUMMARY,Life,Leven
UI_FOUND_KEYS,Silver keys,Zilveren sleutels
UI_HOTBAR_HINT,Click a number to put the siddhi on that key. Click again to clear it.,Klik op een cijfer om de siddhi op die toets te zetten. Klik nogmaals om te wissen.
UI_NO_SIDDHIS,You know no siddhi yet. Find a teacher.,Je kent nog geen siddhi. Zoek een leraar.
UI_SIDDHI_KNOWN,Known,Bekend
UI_SIDDHI_COOLDOWN,Cooldown,Afkoeltijd
UI_SIDDHI_NEXT,Next level,Volgend niveau
UI_SIDDHI_LEARN_COST,{n} tapas,{n} tapas
UI_TRAINER_PANTH,Path of initiation,Pad van inwijding
UI_TRAINER_NONE,This teacher has nothing more to teach.,Deze leraar heeft je niets meer te leren.
UI_MUDRA_PERFORMED,You make the gesture: {name},Je maakt het gebaar: {name}
UI_MUDRA_KNOWN,Known,Bekend
UI_CODEX_EMPTY,Nothing to show.,Niets te tonen.
UI_SHOP_BUY_TAB,For sale,Te koop
UI_SHOP_SELL_TAB,Your goods,Jouw spullen
UI_SHOP_NOTHING_TO_SELL,You have nothing to sell.,Je hebt niets te verkopen.
UI_SOLD,Sold {name} for {n} gold.,{name} verkocht voor {n} goud.
UI_BOUGHT,Bought {name}.,{name} gekocht.
UI_GIFT_GIVEN,{name} gladly accepts {item}.,{name} neemt {item} dankbaar aan.
UI_GIFT_PICK,Choose a gift for {name}:,Kies een geschenk voor {name}:
UI_SHRINE_DHARMA,Temple of light,Tempel van het licht
UI_SHRINE_ASURA,Altar of Andhaka,Altaar van Andhaka
UI_SHRINE_DHARMA_TEXT,Whoever gives with an open hand purifies their karma.,"Wie met open hand geeft, zuivert zijn karma."
UI_SHRINE_ASURA_TEXT,"At night, three Preta bones and a thousand gold. The altar asks no more, and forgives nothing.","'s Nachts, drie Preta-botten en duizend goud. Het altaar vraagt niet meer, en vergeeft niets."
UI_SHRINE_DONE,Offering made.,Offer gebracht.
UI_SHRINE_NEED_BONES,You lack the Preta bones.,Je mist de Preta-botten.
HINT_WATER,[E] Fill the kamandalu ({n}/{max}),[E] Vul de kamandalu ({n}/{max})
UI_KAMANDALU_FILLED,You fill the kamandalu with clear water.,Je vult de kamandalu met helder water.
UI_KAMANDALU_FULL,The kamandalu is already full.,De kamandalu is al vol.
UI_KAMANDALU_EMPTY,The kamandalu is empty. Fill it at water.,De kamandalu is leeg. Vul hem bij water.
UI_KAMANDALU_SIP,You sip from the kamandalu ({n}/{max} left).,Je drinkt uit de kamandalu ({n}/{max} over).
UI_WATER_LEFT,Water,Water
UI_MAP_LEGEND_HERE,You are here,Jij bent hier
UI_MAP_LEGEND_TIRTHA,Tirtha gate,Tirtha-poort
UI_MAP_LEGEND_UNKNOWN,Unexplored,Onverkend
UI_MAP_LEGEND_LOCKED,Locked path,Vergrendeld pad
UI_MAP_LEGEND_BOAT,Boat,Boot
UI_MAP_UNKNOWN,You have not been here yet. A path leads this way.,Je bent hier nog niet geweest. Een pad leidt hierheen.
